{"options":{"validationAction":"error","validator":{"$jsonSchema":{"bsonType":"object","properties":{"actor_id":{"bsonType":"int"},"first_name":{"bsonType":"string"},"last_name":{"bsonType":"string"},"last_update":{"bsonType":"date"}}}},"validationLevel":"strict"},"indexes":[{"v":{"$numberInt":"2"},"key":{"_id":{"$numberInt":"1"}},"name":"_id_"},{"v":{"$numberInt":"2"},"unique":true,"key":{"actor_id":{"$numberInt":"1"}},"name":"actor_id_1"},{"v":{"$numberInt":"2"},"key":{"last_name":{"$numberInt":"1"}},"name":"last_name_1"}],"uuid":"a71ba26da72d4ef4a9f17574268c4afc","collectionName":"actor"}