{"options":{"validator":{"$jsonSchema":{"bsonType":"object","properties":{"address":{"bsonType":"string"},"phone":{"bsonType":"string"},"last_update":{"bsonType":"date"},"city_id":{"bsonType":"int"},"postal_code":{"bsonType":"string"},"location":{"bsonType":"string"},"address_id":{"bsonType":"int"},"address2":{"bsonType":"string"},"district":{"bsonType":"string"}}}},"validationLevel":"strict","validationAction":"error"},"indexes":[{"v":{"$numberInt":"2"},"key":{"_id":{"$numberInt":"1"}},"name":"_id_"},{"v":{"$numberInt":"2"},"unique":true,"key":{"address_id":{"$numberInt":"1"}},"name":"address_id_1"},{"v":{"$numberInt":"2"},"key":{"city_id":{"$numberInt":"1"}},"name":"city_id_1"}],"uuid":"534619a093964d3e8887ac1a0d720f9e","collectionName":"address"}