{"options":{"validator":{"$jsonSchema":{"properties":{"city_id":{"bsonType":"int"},"city":{"bsonType":"string"},"country_id":{"bsonType":"int"},"last_update":{"bsonType":"date"}},"bsonType":"object"}},"validationLevel":"strict","validationAction":"error"},"indexes":[{"v":{"$numberInt":"2"},"key":{"_id":{"$numberInt":"1"}},"name":"_id_"},{"v":{"$numberInt":"2"},"unique":true,"key":{"city_id":{"$numberInt":"1"}},"name":"city_id_1"},{"v":{"$numberInt":"2"},"key":{"country_id":{"$numberInt":"1"}},"name":"country_id_1"}],"uuid":"5e09068470d14908aa1d0c1e6d57a2b4","collectionName":"city"}