{"options":{"validationAction":"error","validator":{"$jsonSchema":{"bsonType":"object","properties":{"first_name":{"bsonType":"string"},"create_date":{"bsonType":"date"},"last_update":{"bsonType":"date"},"address_id":{"bsonType":"int"},"active":{"bsonType":"int"},"customer_id":{"bsonType":"int"},"store_id":{"bsonType":"int"},"last_name":{"bsonType":"string"},"email":{"bsonType":"string"}}}},"validationLevel":"strict"},"indexes":[{"v":{"$numberInt":"2"},"key":{"_id":{"$numberInt":"1"}},"name":"_id_"},{"v":{"$numberInt":"2"},"key":{"address_id":{"$numberInt":"1"}},"name":"address_id_1"},{"v":{"$numberInt":"2"},"unique":true,"key":{"customer_id":{"$numberInt":"1"}},"name":"customer_id_1"},{"v":{"$numberInt":"2"},"key":{"store_id":{"$numberInt":"1"}},"name":"store_id_1"},{"v":{"$numberInt":"2"},"key":{"last_name":{"$numberInt":"1"}},"name":"last_name_1"}],"uuid":"e9c6093f37d04702b07d198c20a40051","collectionName":"customer"}