{"options":{"validator":{"$jsonSchema":{"bsonType":"object","properties":{"release_year":{"bsonType":"int"},"rental_duration":{"bsonType":"int"},"special_features":{"bsonType":"array"},"last_update":{"bsonType":"date"},"length":{"bsonType":"int"},"replacement_cost":{"bsonType":"decimal"},"film_id":{"bsonType":"int"},"title":{"bsonType":"string"},"description":{"bsonType":"string"},"language_id":{"bsonType":"int"},"original_language_id":{"bsonType":"int"},"rental_rate":{"bsonType":"decimal"},"rating":{"enum":["G","PG","PG-13","R","NC-17"],"description":"can only be one of the enum values"}}}},"validationLevel":"strict","validationAction":"error"},"indexes":[{"v":{"$numberInt":"2"},"key":{"_id":{"$numberInt":"1"}},"name":"_id_"},{"v":{"$numberInt":"2"},"unique":true,"key":{"film_id":{"$numberInt":"1"}},"name":"film_id_1"},{"v":{"$numberInt":"2"},"key":{"language_id":{"$numberInt":"1"}},"name":"language_id_1"},{"v":{"$numberInt":"2"},"key":{"original_language_id":{"$numberInt":"1"}},"name":"original_language_id_1"},{"v":{"$numberInt":"2"},"key":{"title":{"$numberInt":"1"}},"name":"title_1"}],"uuid":"d47f569d32954567b09a8b78fc295b9d","collectionName":"film"}