{"options":{"validator":{"$jsonSchema":{"properties":{"actor_id":{"bsonType":"int"},"film_id":{"bsonType":"int"},"last_update":{"bsonType":"date"}},"bsonType":"object"}},"validationLevel":"strict","validationAction":"error"},"indexes":[{"v":{"$numberInt":"2"},"key":{"_id":{"$numberInt":"1"}},"name":"_id_"},{"v":{"$numberInt":"2"},"key":{"film_id":{"$numberInt":"1"}},"name":"film_id_1"},{"v":{"$numberInt":"2"},"unique":true,"key":{"actor_id":{"$numberInt":"1"},"film_id":{"$numberInt":"1"}},"name":"actor_id_1_film_id_1"}],"uuid":"f1052d9d498d4929b8087b4fa42a22c8","collectionName":"film_actor"}