{"options":{"validator":{"$jsonSchema":{"bsonType":"object","properties":{"film_id":{"bsonType":"int"},"category_id":{"bsonType":"int"},"last_update":{"bsonType":"date"}}}},"validationLevel":"strict","validationAction":"error"},"indexes":[{"v":{"$numberInt":"2"},"key":{"_id":{"$numberInt":"1"}},"name":"_id_"},{"v":{"$numberInt":"2"},"key":{"category_id":{"$numberInt":"1"}},"name":"category_id_1"},{"v":{"$numberInt":"2"},"unique":true,"key":{"film_id":{"$numberInt":"1"},"category_id":{"$numberInt":"1"}},"name":"film_id_1_category_id_1"}],"uuid":"1df80b23d32d4b8e9308221ab95dbde2","collectionName":"film_category"}