{"options":{"validator":{"$jsonSchema":{"bsonType":"object","properties":{"inventory_id":{"bsonType":"int"},"customer_id":{"bsonType":"int"},"return_date":{"bsonType":"date"},"staff_id":{"bsonType":"int"},"last_update":{"bsonType":"date"},"rental_id":{"bsonType":"int"},"rental_date":{"bsonType":"date"}}}},"validationLevel":"strict","validationAction":"error"},"indexes":[{"v":{"$numberInt":"2"},"key":{"_id":{"$numberInt":"1"}},"name":"_id_"},{"v":{"$numberInt":"2"},"unique":true,"key":{"rental_id":{"$numberInt":"1"}},"name":"rental_id_1"},{"v":{"$numberInt":"2"},"key":{"inventory_id":{"$numberInt":"1"}},"name":"inventory_id_1"},{"v":{"$numberInt":"2"},"key":{"customer_id":{"$numberInt":"1"}},"name":"customer_id_1"},{"v":{"$numberInt":"2"},"key":{"staff_id":{"$numberInt":"1"}},"name":"staff_id_1"}],"uuid":"bcbd5930651344b397773b9ee17e4299","collectionName":"rental"}