{"options":{"validator":{"$jsonSchema":{"bsonType":"object","properties":{"store_id":{"bsonType":"int"},"username":{"bsonType":"string"},"password":{"bsonType":"string"},"last_update":{"bsonType":"date"},"address_id":{"bsonType":"int"},"picture":{"bsonType":"binData"},"email":{"bsonType":"string"},"active":{"bsonType":"int"},"staff_id":{"bsonType":"int"},"first_name":{"bsonType":"string"},"last_name":{"bsonType":"string"}}}},"validationLevel":"strict","validationAction":"error"},"indexes":[{"v":{"$numberInt":"2"},"key":{"_id":{"$numberInt":"1"}},"name":"_id_"},{"v":{"$numberInt":"2"},"key":{"address_id":{"$numberInt":"1"}},"name":"address_id_1"},{"v":{"$numberInt":"2"},"unique":true,"key":{"staff_id":{"$numberInt":"1"}},"name":"staff_id_1"},{"v":{"$numberInt":"2"},"key":{"store_id":{"$numberInt":"1"}},"name":"store_id_1"}],"uuid":"ec261363830a4ad392c20655455a2ba9","collectionName":"staff"}