{"options":{"validator":{"$jsonSchema":{"bsonType":"object","properties":{"last_update":{"bsonType":"date"},"store_id":{"bsonType":"int"},"manager_staff_id":{"bsonType":"int"},"address_id":{"bsonType":"int"}}}},"validationLevel":"strict","validationAction":"error"},"indexes":[{"v":{"$numberInt":"2"},"key":{"_id":{"$numberInt":"1"}},"name":"_id_"},{"v":{"$numberInt":"2"},"key":{"address_id":{"$numberInt":"1"}},"name":"address_id_1"},{"v":{"$numberInt":"2"},"unique":true,"key":{"manager_staff_id":{"$numberInt":"1"}},"name":"manager_staff_id_1"},{"v":{"$numberInt":"2"},"unique":true,"key":{"store_id":{"$numberInt":"1"}},"name":"store_id_1"}],"uuid":"d9a69a4d5718420987e75c21a3054ef8","collectionName":"store"}